{"cols_in": {"id": "object", "vis_league": "object", "vis_game_num": "Int64", "home_league": "object", "home_game_num": "Int64", "game_len_outs": "Int64", "completion_info": "object", "protest_info": "object", "vis_line_score": "object", "home_line_score": "object", "vis_ab": "Int64", "vis_2b": "Int64", "vis_3b": "Int64", "vis_hr": "Int64", "vis_rbi": "Int64", "vis_sach": "Int64", "vis_sacf": "Int64", "vis_hbp": "Int64", "vis_bb": "Int64", "vis_ibb": "Int64", "vis_k": "Int64", "vis_sb": "Int64", "vis_cs": "Int64", "vis_gidp": "Int64", "vis_ci": "Int64", "vis_pitchers_used": "Int64", "vis_ind_er": "Int64", "vis_team_er": "Int64", "vis_wp": "Int64", "vis_balk": "Int64", "vis_po": "Int64", "vis_assist": "Int64", "vis_pb": "Int64", "vis_dp": "Int64", "vis_tp": "Int64", "home_ab": "Int64", "home_2b": "Int64", "home_3b": "Int64", "home_hr": "Int64", "home_rbi": "Int64", "home_sach": "Int64", "home_sacf": "Int64", "home_hbp": "Int64", "home_bb": "Int64", "home_ibb": "Int64", "home_k": "Int64", "home_sb": "Int64", "home_cs": "Int64", "home_gidp": "Int64", "home_ci": "Int64", "home_pitchers_used": "Int64", "home_ind_er": "Int64", "home_team_er": "Int64", "home_wp": "Int64", "home_balk": "Int64", "home_po": "Int64", "home_assist": "Int64", "home_pb": "Int64", "home_dp": "Int64", "home_tp": "Int64", "vis_manager_id": "object", "home_manager_id": "object", "additional_info": "object", "acquisition_info": "object", "ps_scorer": "object", "translator": "object", "inputter": "object", "input_time": "object", "how_scored": "object", "pitches_entered": "object", "temperature": "Int64", "vis_finisher_id": "object", "home_finisher_id": "object", "gwrbi_id": "object", "home_err": "Int64", "home_h": "Int64", "home_lob": "Int64", "home_start_bat1_id": "object", "home_start_bat1_pos": "object", "home_start_bat2_id": "object", "home_start_bat2_pos": "object", "home_start_bat3_id": "object", "home_start_bat3_pos": "object", "home_start_bat4_id": "object", "home_start_bat4_pos": "object", "home_start_bat5_id": "object", "home_start_bat5_pos": "object", "home_start_bat6_id": "object", "home_start_bat6_pos": "object", "home_start_bat7_id": "object", "home_start_bat7_pos": "object", "home_start_bat8_id": "object", "home_start_bat8_pos": "object", "home_start_bat9_id": "object", "home_start_bat9_pos": "object", "home_start_pitcher_id": "object", "vis_err": "Int64", "vis_h": "Int64", "vis_lob": "Int64", "vis_start_bat1_id": "object", "vis_start_bat1_pos": "object", "vis_start_bat2_id": "object", "vis_start_bat2_pos": "object", "vis_start_bat3_id": "object", "vis_start_bat3_pos": "object", "vis_start_bat4_id": "object", "vis_start_bat4_pos": "object", "vis_start_bat5_id": "object", "vis_start_bat5_pos": "object", "vis_start_bat6_id": "object", "vis_start_bat6_pos": "object", "vis_start_bat7_id": "object", "vis_start_bat7_pos": "object", "vis_start_bat8_id": "object", "vis_start_bat8_pos": "object", "vis_start_bat9_id": "object", "vis_start_bat9_pos": "object", "vis_start_pitcher_id": "object", "tiebreaker": "object", "htbf": "object", "suspend": "object", "line": "object", "batteries": "object", "lineups": "object", "box": "object", "pbp": "object", "attendance": "Int64", "day_night": "object", "field_cond": "object", "forfeit_info": "object", "game_date": "object", "game_len_inn": "Int64", "game_len_min": "Int64", "game_num": "int64", "home_score": "int64", "home_team": "object", "lp_id": "object", "off_scorer_id": "object", "park_id": "object", "precip": "object", "save_id": "object", "season_type": "object", "sky": "object", "ump_1b": "object", "ump_2b": "object", "ump_3b": "object", "ump_hp": "object", "ump_lf": "object", "ump_rf": "object", "use_dh": "object", "vis_score": "int64", "vis_team": "object", "wind_dir": "object", "wind_speed": "Int64", "wp_id": "object"}}