{"biofile0": {"id": "object", "lastname": "object", "usename": "object", "fullname": "object", "birthdate": "object", "birthcity": "object", "birthstate": "object", "birthcountry": "object", "deathdate": "object", "deathcity": "object", "deathstate": "object", "deathcountry": "object", "cemetery": "object", "cem_city": "object", "cem_state": "object", "cem_ctry": "object", "cem_note": "object", "birthname": "object", "altname": "object", "debut_p": "object", "last_p": "object", "debut_c": "object", "last_c": "object", "debut_m": "object", "last_m": "object", "debut_u": "object", "last_u": "object", "bats": "object", "throws": "object", "height": "float64", "weight": "float64", "HOF": "object"}, "biofile1": {"PLAYERID": "object", "LAST": "object", "FIRST": "object", "NICKNAME": "object", "BIRTHDATE": "object", "BIRTH.CITY": "object", "BIRTH.STATE": "object", "BIRTH.COUNTRY": "object", "PLAY.DEBUT": "object", "PLAY.LASTGAME": "object", "MGR.DEBUT": "object", "MGR.LASTGAME": "object", "COACH.DEBUT": "object", "COACH.LASTGAME": "object", "UMP.DEBUT": "object", "UMP.LASTGAME": "object", "DEATHDATE": "object", "DEATH.CITY": "object", "DEATH.STATE": "object", "DEATH.COUNTRY": "object", "BATS": "object", "THROWS": "object", "HEIGHT": "object", "WEIGHT": "float64", "CEMETERY": "object", "CEME.CITY": "object", "CEME.STATE": "object", "CEME.COUNTRY": "object", "CEME.NOTE": "object", "BIRTH.NAME": "object", "NAME.CHG": "object", "BAT.CHG": "float64", "HOF": "object"}, "keep_cols": ["id", "lastname", "usename", "FIRST", "BIRTHDATE", "BIRTH.CITY", "BIRTH.STATE", "BIRTH.COUNTRY", "DEATHDATE", "DEATH.CITY", "DEATH.STATE", "DEATH.COUNTRY", "CEMETERY", "CEME.CITY", "CEME.STATE", "CEME.COUNTRY", "CEME.NOTE", "BIRTH.NAME", "NAME.CHG", "PLAY.DEBUT", "PLAY.LASTGAME", "MGR.DEBUT", "MGR.LASTGAME", "COACH.DEBUT", "COACH.LASTGAME", "UMP.DEBUT", "UMP.LASTGAME", "bats", "throws", "height", "weight", "BAT.CHG", "HOF_1"], "rename_cols": {"lastname": "last_name", "usename": "use_name", "FIRST": "first_name", "BIRTHDATE": "birth_date", "BIRTH.CITY": "birth_city", "BIRTH.STATE": "birth_state", "BIRTH.COUNTRY": "birth_country", "DEATHDATE": "death_date", "DEATH.CITY": "death_city", "DEATH.STATE": "death_state", "DEATH.COUNTRY": "death_country", "CEMETERY": "cemetery_name", "CEME.CITY": "cemetery_city", "CEME.STATE": "cemetery_state", "CEME.COUNTRY": "cemetery_country", "CEME.NOTE": "cemetery_note", "BIRTH.NAME": "birth_name", "NAME.CHG": "name_change", "PLAY.DEBUT": "player_debut_date", "PLAY.LASTGAME": "player_last_date", "MGR.DEBUT": "manager_debut_date", "MGR.LASTGAME": "manager_last_date", "COACH.DEBUT": "coach_debut_date", "COACH.LASTGAME": "coach_last_date", "UMP.DEBUT": "ump_debut_date", "UMP.LASTGAME": "ump_last_date", "BAT.CHG": "bat_chg", "bats": "bat_hand", "throws": "throw_hand", "HOF_1": "hof"}, "countries": {"Afghanistan": "AFG", "American Samoa": "ASM", "Aruba": "ABW", "Australia": "AUS", "Austria": "AUT", "Bahamas": "BHS", "Belgium": "BEL", "Brazil": "BRA", "Canada": "CAN", "China": "CHN", "Colombia": "COL", "Costa Rica": "CRI", "Cuba": "CUB", "Curacao": "CUW", "Denmark": "DNK", "Dominican Republic": "DOM", "England": "GBR", "Finland": "FIN", "France": "FRA", "Germany": "DEU", "Greece": "GRC", "Guam": "GUM", "Honduras": "HND", "Indonesia": "IDN", "Italy": "ITA", "Jamaica": "JAM", "Japan": "JPN", "Latvia": "LVA", "Lithuania": "LTU", "Mexico": "MEX", "M\u00e9xico": "MEX", "Netherlands": "NLD", "Nicaragua": "NIC", "North Korea": "PRK", "Norway": "NOR", "Panama": "PAN", "Peru": "PER", "Philippines": "PHL", "Poland": "POL", "Portugal": "PRT", "Puerto Rico": "PRI", "Russia": "RUS", "San Marino": "SMR", "Saudi Arabia": "SAU", "Singapore": "SGP", "South Africa": "ZAF", "South Korea": "KOR", "Spain": "ESP", "Sweden": "SWE", "Switzerland": "CHE", "Taiwan": "TWN", "U.S. Virgin Islands": "VIR", "U. S. Virgin Islands": "VIR", "US Virgin Islands": "VIR", "United Kingdom": "GBR", "Venezuela": "VEN", "---": null}, "us_states": {"Alabama": "AL", "Alaska": "AK", "Arizona": "AZ", "Arkansas": "AR", "California": "CA", "Colorado": "CO", "Connecticut": "CT", "D.C.": "DC", "Delaware": "DE", "District of Columbia": "DC", "Florida": "FL", "Georgia": "GA", "Hawaii": "HI", "Idaho": "ID", "Illinois": "IL", "Indiana": "IN", "Iowa": "IA", "Kansas": "KS", "Kentucky": "KY", "Louisiana": "LA", "Maine": "ME", "Maryland": "MD", "Massachusetts": "MA", "Michigan": "MI", "Minnesota": "MN", "Mississippi": "MS", " Mississippi": "MS", "Missouri": "MO", "Montana": "MT", "Nebraska": "NE", "Nevada": "NV", "New Hampshire": "NH", "New Jersey": "NJ", "New Mexico": "NM", "New York": "NY", "North Carolina": "NC", "North Dakota": "ND", "Ohio": "OH", "Oklahoma": "OK", "Oregon": "OR", "Pennsylvania": "PA", "Rhode Island": "RI", "South Carolina": "SC", "South Dakota": "SD", "Tennessee": "TN", "Texas": "TX", "Utah": "UT", "Vermont": "VT", "Virginia": "VA", "Washington": "WA", "West Virginia": "WV", "Wisconsin": "WI", "Wyoming": "WY"}}