{"cols_in": {"id": "object", "game_date": "object", "game_num": "object", "day_of_week": "object", "start_time": "object", "use_dh": "object", "day_night": "object", "vis_team": "object", "home_team": "object", "park_id": "object", "vis_start_pitcher_id": "object", "home_start_pitcher_id": "object", "ump_hp": "object", "ump_1b": "object", "ump_2b": "object", "ump_3b": "object", "ump_lf": "object", "ump_rf": "object", "attendance": "object", "ps_scorer": "object", "translator": "object", "inputter": "object", "input_time": "object", "edit_time": "object", "how_scored": "object", "pitches_entered": "object", "temperature": "object", "wind_dir": "object", "wind_speed": "object", "field_cond": "object", "precip": "object", "sky": "object", "game_len_min": "object", "game_len_inn": "object", "vis_score": "object", "home_score": "object", "vis_h": "object", "home_h": "object", "vis_err": "object", "home_err": "object", "vis_lob": "object", "home_lob": "object", "wp_id": "object", "lp_id": "object", "save_id": "object", "gwrbi_id": "object", "vis_start_bat1_id": "object", "vis_start_bat1_pos": "object", "vis_start_bat2_id": "object", "vis_start_bat2_pos": "object", "vis_start_bat3_id": "object", "vis_start_bat3_pos": "object", "vis_start_bat4_id": "object", "vis_start_bat4_pos": "object", "vis_start_bat5_id": "object", "vis_start_bat5_pos": "object", "vis_start_bat6_id": "object", "vis_start_bat6_pos": "object", "vis_start_bat7_id": "object", "vis_start_bat7_pos": "object", "vis_start_bat8_id": "object", "vis_start_bat8_pos": "object", "vis_start_bat9_id": "object", "vis_start_bat9_pos": "object", "home_start_bat1_id": "object", "home_start_bat1_pos": "object", "home_start_bat2_id": "object", "home_start_bat2_pos": "object", "home_start_bat3_id": "object", "home_start_bat3_pos": "object", "home_start_bat4_id": "object", "home_start_bat4_pos": "object", "home_start_bat5_id": "object", "home_start_bat5_pos": "object", "home_start_bat6_id": "object", "home_start_bat6_pos": "object", "home_start_bat7_id": "object", "home_start_bat7_pos": "object", "home_start_bat8_id": "object", "home_start_bat8_pos": "object", "home_start_bat9_id": "object", "home_start_bat9_pos": "object", "vis_finisher_id": "object", "home_finisher_id": "object", "off_scorer_id": "object", "season_type": "object"}, "cols_out": {"id": "object", "game_date": "object", "game_num": "Int64", "use_dh": "object", "day_night": "object", "vis_team": "object", "home_team": "object", "park_id": "object", "vis_start_pitcher_id": "object", "home_start_pitcher_id": "object", "ump_hp": "object", "ump_1b": "object", "ump_2b": "object", "ump_3b": "object", "ump_lf": "object", "ump_rf": "object", "attendance": "Int64", "ps_scorer": "object", "translator": "object", "inputter": "object", "input_time": "object", "how_scored": "Int64", "pitches_entered": "Int64", "temperature": "Int64", "wind_dir": "object", "wind_speed": "Int64", "field_cond": "object", "precip": "object", "sky": "object", "game_len_min": "Int64", "game_len_inn": "Int64", "vis_score": "Int64", "home_score": "Int64", "vis_h": "Int64", "home_h": "Int64", "vis_err": "Int64", "home_err": "Int64", "vis_lob": "Int64", "home_lob": "Int64", "wp_id": "object", "lp_id": "object", "save_id": "object", "gwrbi_id": "object", "vis_start_bat1_id": "object", "vis_start_bat1_pos": "object", "vis_start_bat2_id": "object", "vis_start_bat2_pos": "object", "vis_start_bat3_id": "object", "vis_start_bat3_pos": "object", "vis_start_bat4_id": "object", "vis_start_bat4_pos": "object", "vis_start_bat5_id": "object", "vis_start_bat5_pos": "object", "vis_start_bat6_id": "object", "vis_start_bat6_pos": "object", "vis_start_bat7_id": "object", "vis_start_bat7_pos": "object", "vis_start_bat8_id": "object", "vis_start_bat8_pos": "object", "vis_start_bat9_id": "object", "vis_start_bat9_pos": "object", "home_start_bat1_id": "object", "home_start_bat1_pos": "object", "home_start_bat2_id": "object", "home_start_bat2_pos": "object", "home_start_bat3_id": "object", "home_start_bat3_pos": "object", "home_start_bat4_id": "object", "home_start_bat4_pos": "object", "home_start_bat5_id": "object", "home_start_bat5_pos": "object", "home_start_bat6_id": "object", "home_start_bat6_pos": "object", "home_start_bat7_id": "object", "home_start_bat7_pos": "object", "home_start_bat8_id": "object", "home_start_bat8_pos": "object", "home_start_bat9_id": "object", "home_start_bat9_pos": "object", "vis_finisher_id": "object", "home_finisher_id": "object", "off_scorer_id": "object", "season_type": "object"}, "known_err": {"gwrbi_id": {"ATL198007010": "hornb001", "ATL198109020": "roysj001", "ATL198305250": "watsb001", "ATL198309260": "washc001", "ATL198404080": "perrg001", "BAL198005050": "wilfr001", "BAL198005240": "may-l101", "BAL198007030": "fiskc001", "BAL198009210": "murre001", "BAL198104270": "singk001", "BAL198104280": "bernt001", "BAL198204240": "murre001", "BAL198206120": "ripkc001", "BAL198206250": "crowt101", "BAL198209130": "dauer001", "BAL198209210": "parrl001", "BAL198305060": "fordd001", "BAL198307300": "lowej001", "BAL198309070": "gullg101", "BAL198309270": "parrl001", "BAL198808160": "steit001", "CAL198306080": "jackr002", "CHN198004250": "dills101", "CHN198307270": "moraj101", "CHN198608061": "wilsm001", "CIN198007122": "evand001", "CIN198105280": "mejis101", "CIN198106060": "fostg001", "CIN198305150": "clarj001", "CLE198109170": "dauer001", "CLE198304270": "castj001", "CLE198305120": "ortaj001", "CLE198309220": "pagek101", "DET198008290": "kemps001", "DET198205210": "bayld001", "DET198209280": "parrl001", "HOU198108170": "burrr001", "HOU198504260": "garnp001", "KCA198007060": "meyed001", "KCA198010180": "bretg001", "KCA198104200": "ortaj001", "KCA198204230": "bretg001", "KCA198307130": "geroc101", "KCA198309230": "aikew001", "KCA198806180": "ray-j001", "LAN198209300": "baked002", "LAN198306190": "landk001", "LAN198806090": "shelj001", "LAN198809100": "shelj001", "LAN198809110": "hamij001", "MIL198005100": "molip001", "MIL198208260": "simmt001", "MIL198209250": "murre001", "MIL198804210": "bragg001", "MIN198004300": "mackp101", "MIN198105160": "dempr001", "MIN198205110": "bushr001", "MIN198208170": "murre001", "MIN198304160": "carer001", "MIN198304170": "engld001", "MIN198304190": "brunt001", "MIN198304200": "bushr001", "MIN198306280": "jimeh001", "MIN198510060": "hrbek001", "MON198104210": "scotr101", "MON198105080": "lemaj001", "MON198105101": "cabee001", "MON198106090": "dawsa001", "MON198106100": "dawsa001", "MON198108250": "dawsa001", "MON198207310": "smito001", "MON198304210": "oliva001", "MON198306240": "raint001", "NYA198104200": "jackr001", "NYA198205030": "armat001", "NYA198207250": "downb001", "NYN198304300": "murpd001", "NYN198309030": "gileb001", "OAK198007160": "hebnr001", "OAK198105242": "murpd002", "OAK198205060": "meyed001", "OAK198208170": "pagem001", "OAK198209220": "grosw001", "PHI198005280": "mcbrb101", "PHI198006060": "rosep001", "PIT198004180": "parkd001", "PIT198006160": "berrd001", "PIT198008270": "ramir001", "PIT198108120": "cromw101", "PIT198110020": "easlm001", "SDN198109160": "heepd001", "SDN198207160": "wallt001", "SDN198210020": "hubbg001", "SDN198307110": "lezcs001", "SEA198004090": "cox-t101", "SEA198809040": "ripkb001", "SFN198007270": "easlm001", "SFN198104150": "sciom001", "SFN198105150": "clarj001", "SFN198307101": "younj001", "SFN198307290": "brenb001", "SFN198308180": "davic001", "SLN198005280": "morej101", "SLN198009100": "lacyl001", "SLN198210130": "braus001", "SLN198304140": "smito001", "SLN198304150": "stupj001", "TEX198106080": "oliva001", "TEX198106090": "kemps001", "TEX198306180": "brunt001", "TOR198209152": "baked101"}, "day_night": {"BSN191807010": "d", "BOS192709052": "d", "BOS194406080": "d", "CIN194408221": "d", "CIN194409051": "d", "WS1194506191": "d", "DET194506270": "d", "SLA194507061": "d", "CIN194507191": "d", "WS1194508021": "d", "SLA194508131": "d", "CLE194508201": "d", "CHA194509011": "d", "CIN194509051": "d", "SLN194807052": "d", "PHI195107181": "d", "CIN195108131": "d", "WS1195908051": "d", "WS1195909151": "d", "BAL196007231": "d", "NYA196009182": "d", "NYA196106081": "d", "NYA196107251": "d", "NYN196206221": "d", "PHI196206261": "d", "LAA196208141": "d", "NYA196208280": "d", "PHI196209190": "d", "PHI196209201": "d", "LAA196306191": "d", "NYA196308271": "d", "LAN196404180": "d", "NYA196406121": "d", "NYA196406180": "d", "NYA196408130": "d", "NYA196409170": "d", "PIT196409241": "d", "WS2196505071": "d", "BAL196507211": "d", "NYN196508311": "d", "WS2196605310": "d", "PHI196806141": "d", "PIT196904301": "d", "PHI196907100": "d", "HOU196907160": "d", "PHI196907301": "d", "PHI196907311": "d", "SLN196908040": "d", "KCA196909030": "d", "CHN194505272": "d"}, "home_start_pitcher_id": {"CIN199008130": "scuds001", "DET202209280": "vestw001", "NYN198708030": "schud001"}, "vis_start_pitcher_id": {"ARI202204100": "crisn001", "BAL197908070": "slatj001", "BAL199209270": "heskj001", "BAL200208060": "santj003", "CAL198206020": "sauck101", "CHN198605260": "terrs001", "COL201809130": "kochm001", "DET201606230": "nunov001", "FLO199405200": "everb001", "KCA199009160": "walkm001", "MIA202208300": "armss001", "MIL199809200": "aybam001", "MON197907132": "lee-m101", "NYN198308280": "mcgaa001", "NYN202104110": "herne002", "PHI199407160": "martr002", "SDN199208250": "robij001", "SFN201806230": "stram001", "SLN200408030": "kim-s001", "SLN201104220": "malom001", "TOR202407280": "hernj004", "WAS201108190": "kendk001"}, "park_id": {"BSN191509010": "BOS08", "BSN191304191": "BOS07", "BSN191304192": "BOS07", "BSN191305301": "BOS07", "NYA191205300": "NYC14"}}}