{"cols_rename": {"PARKID": "id", "NAME": "name", "AKA": "aka", "CITY": "city", "STATE": "state", "START": "start_date", "END": "end_date", "LEAGUE": "league_id", "NOTES": "notes"}, "us_states": ["AL", "AK", "AZ", "AR", "CA", "CO", "CT", "DC", "DE", "FL", "GA", "HI", "ID", "IL", "IN", "IA", "KS", "KY", "LA", "ME", "MD", "MA", "MI", "MN", "MS", "MO", "MT", "NE", "NV", "NH", "NJ", "NM", "NY", "NC", "ND", "OH", "OK", "OR", "PA", "RI", "SC", "SD", "TN", "TX", "UT", "VT", "VA", "WA", "WV", "WI", "WY"], "cols_reorder": ["id", "name", "aka", "city", "state", "country", "start_date", "end_date", "league_id", "notes"]}