{"cols_in": {"id": "object", "wp_id": "object", "lp_id": "object", "save_id": "object", "gwrbi_id": "object", "home_team": "object", "home_score": "Int64", "home_line_score": "object", "home_ab": "Int64", "home_h": "Int64", "home_2b": "Int64", "home_3b": "Int64", "home_hr": "Int64", "home_rbi": "Int64", "home_k": "Int64", "home_bb": "Int64", "home_ibb": "Int64", "home_hbp": "Int64", "home_sacf": "Int64", "home_sach": "Int64", "home_gidp": "Int64", "home_sb": "Int64", "home_cs": "Int64", "home_lob": "Int64", "home_pitchers_used": "Int64", "home_finisher_id": "object", "home_ind_er": "Int64", "home_team_er": "Int64", "home_wp": "Int64", "home_balk": "Int64", "home_po": "Int64", "home_assist": "Int64", "home_pb": "Int64", "home_dp": "Int64", "home_tp": "Int64", "home_err": "Int64", "home_ci": "Int64", "vis_team": "object", "vis_score": "Int64", "vis_line_score": "object", "vis_ab": "Int64", "vis_h": "Int64", "vis_2b": "Int64", "vis_3b": "Int64", "vis_hr": "Int64", "vis_rbi": "Int64", "vis_k": "Int64", "vis_bb": "Int64", "vis_ibb": "Int64", "vis_hbp": "Int64", "vis_sacf": "Int64", "vis_sach": "Int64", "vis_gidp": "Int64", "vis_sb": "Int64", "vis_cs": "Int64", "vis_lob": "Int64", "vis_pitchers_used": "Int64", "vis_finisher_id": "object", "vis_ind_er": "Int64", "vis_team_er": "Int64", "vis_wp": "Int64", "vis_balk": "Int64", "vis_po": "Int64", "vis_assist": "Int64", "vis_pb": "Int64", "vis_dp": "Int64", "vis_tp": "Int64", "vis_err": "Int64", "vis_ci": "Int64"}, "cols_out": {"id": "object", "wp_id": "object", "lp_id": "object", "save_id": "object", "gwrbi_id": "object", "home_team": "object", "home_score": "Int64", "home_line_score": "object", "home_pa": "Int64", "home_ab": "Int64", "home_h": "Int64", "home_2b": "Int64", "home_3b": "Int64", "home_hr": "Int64", "home_rbi": "Int64", "home_k": "Int64", "home_bb": "Int64", "home_ibb": "Int64", "home_hbp": "Int64", "home_sacf": "Int64", "home_sach": "Int64", "home_gidp": "Int64", "home_sb": "Int64", "home_cs": "Int64", "home_lob": "Int64", "home_pitchers_used": "Int64", "home_finisher_id": "object", "home_ind_er": "Int64", "home_team_er": "Int64", "home_wp": "Int64", "home_balk": "Int64", "home_po": "Int64", "home_assist": "Int64", "home_pb": "Int64", "home_dp": "Int64", "home_tp": "Int64", "home_err": "Int64", "home_ci": "Int64", "vis_team": "object", "vis_score": "Int64", "vis_line_score": "object", "vis_pa": "Int64", "vis_ab": "Int64", "vis_h": "Int64", "vis_2b": "Int64", "vis_3b": "Int64", "vis_hr": "Int64", "vis_rbi": "Int64", "vis_k": "Int64", "vis_bb": "Int64", "vis_ibb": "Int64", "vis_hbp": "Int64", "vis_sacf": "Int64", "vis_sach": "Int64", "vis_gidp": "Int64", "vis_sb": "Int64", "vis_cs": "Int64", "vis_lob": "Int64", "vis_pitchers_used": "Int64", "vis_finisher_id": "object", "vis_ind_er": "Int64", "vis_team_er": "Int64", "vis_wp": "Int64", "vis_balk": "Int64", "vis_po": "Int64", "vis_assist": "Int64", "vis_pb": "Int64", "vis_dp": "Int64", "vis_tp": "Int64", "vis_err": "Int64", "vis_ci": "Int64"}}