{"cols_in": {"game_id": "object", "event_id": "Int64", "result_batter_id": "object", "run_1b": "object", "run_2b": "object", "run_3b": "object", "event_type": "object", "batter_event": "object", "ab": "object", "hit_val": "Int64", "sac_hit": "object", "sac_fly": "object", "event_outs": "Int64", "dp": "object", "tp": "object", "rbi": "Int64", "batt_dest": "object", "run_1b_dest": "object", "run_2b_dest": "object", "run_3b_dest": "object", "sb_run_1b": "object", "sb_run_2b": "object", "sb_run_3b": "object", "cs_run_1b": "object", "cs_run_2b": "object", "cs_run_3b": "object", "pickoff_run_1b": "object", "pickoff_run_2b": "object", "pickoff_run_3b": "object", "pinch_run_1b": "object", "pinch_run_2b": "object", "pinch_run_3b": "object"}, "event_type_subs": {"0": "unk_ev", "1": "no_ev", "2": "generic_out", "3": "k", "4": "sb", "5": "di", "6": "cs", "7": "pickoff_err", "8": "pickoff", "9": "wp", "10": "pb", "11": "balk", "12": "misc_adv", "13": "foul_err", "14": "bb", "15": "ibb", "16": "hbp", "17": "interference", "18": "err", "19": "fc", "20": "1b", "21": "2b", "22": "3b", "23": "4b", "24": "missing_play"}}