{"cols_in": {"game_date": "object", "game_num": "object", "day_of_week": "object", "vis_team": "object", "vis_league": "object", "vis_game_num": "object", "home_team": "object", "home_league": "object", "home_game_num": "object", "vis_score": "object", "home_score": "object", "game_len_outs": "object", "day_night": "object", "completion_info": "object", "forfeit_info": "object", "protest_info": "object", "park_id": "object", "attendance": "object", "game_len_min": "object", "vis_line_score": "object", "home_line_score": "object", "vis_ab": "object", "vis_h": "object", "vis_2b": "object", "vis_3b": "object", "vis_hr": "object", "vis_rbi": "object", "vis_sach": "object", "vis_sacf": "object", "vis_hbp": "object", "vis_bb": "object", "vis_ibb": "object", "vis_k": "object", "vis_sb": "object", "vis_cs": "object", "vis_gidp": "object", "vis_ci": "object", "vis_lob": "object", "vis_pitchers_used": "object", "vis_ind_er": "object", "vis_team_er": "object", "vis_wp": "object", "vis_balk": "object", "vis_po": "object", "vis_assist": "object", "vis_err": "object", "vis_pb": "object", "vis_dp": "object", "vis_tp": "object", "home_ab": "object", "home_h": "object", "home_2b": "object", "home_3b": "object", "home_hr": "object", "home_rbi": "object", "home_sach": "object", "home_sacf": "object", "home_hbp": "object", "home_bb": "object", "home_ibb": "object", "home_k": "object", "home_sb": "object", "home_cs": "object", "home_gidp": "object", "home_ci": "object", "home_lob": "object", "home_pitchers_used": "object", "home_ind_er": "object", "home_team_er": "object", "home_wp": "object", "home_balk": "object", "home_po": "object", "home_assist": "object", "home_err": "object", "home_pb": "object", "home_dp": "object", "home_tp": "object", "ump_hp": "object", "ump_hp_name": "object", "ump_1b": "object", "ump_1b_name": "object", "ump_2b": "object", "ump_2b_name": "object", "ump_3b": "object", "ump_3b_name": "object", "ump_lf": "object", "ump_lf_name": "object", "ump_rf": "object", "ump_rf_name": "object", "vis_manager_id": "object", "vis_manager_name": "object", "home_manager_id": "object", "home_manager_name": "object", "wp_id": "object", "wp_name": "object", "lp_id": "object", "lp_name": "object", "save_id": "object", "save_name": "object", "gwrbi_id": "object", "gwrbi_name": "object", "vis_start_pitcher_id": "object", "vis_start_pitcher_name": "object", "home_start_pitcher_id": "object", "home_start_pitcher_name": "object", "vis_start_bat1_id": "object", "vis_start_bat1_name": "object", "vis_start_bat1_pos": "object", "vis_start_bat2_id": "object", "vis_start_bat2_name": "object", "vis_start_bat2_pos": "object", "vis_start_bat3_id": "object", "vis_start_bat3_name": "object", "vis_start_bat3_pos": "object", "vis_start_bat4_id": "object", "vis_start_bat4_name": "object", "vis_start_bat4_pos": "object", "vis_start_bat5_id": "object", "vis_start_bat5_name": "object", "vis_start_bat5_pos": "object", "vis_start_bat6_id": "object", "vis_start_bat6_name": "object", "vis_start_bat6_pos": "object", "vis_start_bat7_id": "object", "vis_start_bat7_name": "object", "vis_start_bat7_pos": "object", "vis_start_bat8_id": "object", "vis_start_bat8_name": "object", "vis_start_bat8_pos": "object", "vis_start_bat9_id": "object", "vis_start_bat9_name": "object", "vis_start_bat9_pos": "object", "home_start_bat1_id": "object", "home_start_bat1_name": "object", "home_start_bat1_pos": "object", "home_start_bat2_id": "object", "home_start_bat2_name": "object", "home_start_bat2_pos": "object", "home_start_bat3_id": "object", "home_start_bat3_name": "object", "home_start_bat3_pos": "object", "home_start_bat4_id": "object", "home_start_bat4_name": "object", "home_start_bat4_pos": "object", "home_start_bat5_id": "object", "home_start_bat5_name": "object", "home_start_bat5_pos": "object", "home_start_bat6_id": "object", "home_start_bat6_name": "object", "home_start_bat6_pos": "object", "home_start_bat7_id": "object", "home_start_bat7_name": "object", "home_start_bat7_pos": "object", "home_start_bat8_id": "object", "home_start_bat8_name": "object", "home_start_bat8_pos": "object", "home_start_bat9_id": "object", "home_start_bat9_name": "object", "home_start_bat9_pos": "object", "additional_info": "object", "acquisition_info": "object"}, "cols_out": {"game_date": "object", "game_num": "Int64", "day_of_week": "object", "vis_team": "object", "vis_league": "object", "vis_game_num": "Int64", "home_team": "object", "home_league": "object", "home_game_num": "Int64", "vis_score": "Int64", "home_score": "Int64", "game_len_outs": "Int64", "day_night": "object", "completion_info": "object", "forfeit_info": "object", "protest_info": "object", "park_id": "object", "attendance": "Int64", "game_len_min": "Int64", "vis_line_score": "object", "home_line_score": "object", "vis_ab": "Int64", "vis_h": "Int64", "vis_2b": "Int64", "vis_3b": "Int64", "vis_hr": "Int64", "vis_rbi": "Int64", "vis_sach": "Int64", "vis_sacf": "Int64", "vis_hbp": "Int64", "vis_bb": "Int64", "vis_ibb": "Int64", "vis_k": "Int64", "vis_sb": "Int64", "vis_cs": "Int64", "vis_gidp": "Int64", "vis_ci": "Int64", "vis_lob": "Int64", "vis_pitchers_used": "Int64", "vis_ind_er": "Int64", "vis_team_er": "Int64", "vis_wp": "Int64", "vis_balk": "Int64", "vis_po": "Int64", "vis_assist": "Int64", "vis_err": "Int64", "vis_pb": "Int64", "vis_dp": "Int64", "vis_tp": "Int64", "home_ab": "Int64", "home_h": "Int64", "home_2b": "Int64", "home_3b": "Int64", "home_hr": "Int64", "home_rbi": "Int64", "home_sach": "Int64", "home_sacf": "Int64", "home_hbp": "Int64", "home_bb": "Int64", "home_ibb": "Int64", "home_k": "Int64", "home_sb": "Int64", "home_cs": "Int64", "home_gidp": "Int64", "home_ci": "Int64", "home_lob": "Int64", "home_pitchers_used": "Int64", "home_ind_er": "Int64", "home_team_er": "Int64", "home_wp": "Int64", "home_balk": "Int64", "home_po": "Int64", "home_assist": "Int64", "home_err": "Int64", "home_pb": "Int64", "home_dp": "Int64", "home_tp": "Int64", "ump_hp": "object", "ump_1b": "object", "ump_2b": "object", "ump_3b": "object", "ump_lf": "object", "ump_rf": "object", "vis_manager_id": "object", "home_manager_id": "object", "wp_id": "object", "lp_id": "object", "save_id": "object", "gwrbi_id": "object", "vis_start_pitcher_id": "object", "home_start_pitcher_id": "object", "vis_start_bat1_id": "object", "vis_start_bat1_pos": "object", "vis_start_bat2_id": "object", "vis_start_bat2_pos": "object", "vis_start_bat3_id": "object", "vis_start_bat3_pos": "object", "vis_start_bat4_id": "object", "vis_start_bat4_pos": "object", "vis_start_bat5_id": "object", "vis_start_bat5_pos": "object", "vis_start_bat6_id": "object", "vis_start_bat6_pos": "object", "vis_start_bat7_id": "object", "vis_start_bat7_pos": "object", "vis_start_bat8_id": "object", "vis_start_bat8_pos": "object", "vis_start_bat9_id": "object", "vis_start_bat9_pos": "object", "home_start_bat1_id": "object", "home_start_bat1_pos": "object", "home_start_bat2_id": "object", "home_start_bat2_pos": "object", "home_start_bat3_id": "object", "home_start_bat3_pos": "object", "home_start_bat4_id": "object", "home_start_bat4_pos": "object", "home_start_bat5_id": "object", "home_start_bat5_pos": "object", "home_start_bat6_id": "object", "home_start_bat6_pos": "object", "home_start_bat7_id": "object", "home_start_bat7_pos": "object", "home_start_bat8_id": "object", "home_start_bat8_pos": "object", "home_start_bat9_id": "object", "home_start_bat9_pos": "object", "additional_info": "object", "acquisition_info": "object", "id": "object"}, "known_errors": {"gwrbi_id": {"CAL197704160": null, "CHA199004180": null, "CHA199306260": null, "CHN195307052": null, "CHN195407041": null, "CHN195407232": null, "CHN196406160": null, "CIN195306161": null, "CIN195306162": null, "CLE196708062": null, "CLE196708130": null, "MLN196407192": null, "NY1195109031": null, "PHA195308162": null, "PHI195307260": null, "SEA197704090": null, "SEA199005070": null, "SEA199008030": null, "SEA199307310": null, "WS2196705120": null}, "home_err": {"ATL197905210": 1, "ATL199310020": 1, "ATL199909050": 1, "BAL195505280": 1, "BAL195507300": 1, "BAL195509141": 1, "BAL200609230": 1, "BOS193107152": 1, "BOS193705260": 1, "BOS193805130": 1, "BOS200809230": 1, "BOS201207300": 1, "BRO192009220": 1, "BRO192606021": 1, "BRO193505080": 1, "BRO193808050": 1, "BRO194209100": 1, "BRO194307090": 1, "BRO194309110": 1, "BRO194709240": 1, "BRO195409220": 1, "BSN192108250": 1, "BSN193407112": 1, "BSN193605302": 1, "BSN193906030": 1, "BSN194804240": 1, "CHA193709021": 1, "CHA194907200": 1, "CHA201305270": 1, "CHN193506011": 1, "CHN194707310": 1, "CHN195105202": 1, "CHN195408292": 1, "CHN195705110": 1, "CHN201704120": 1, "CIN191410051": 1, "CIN193809070": 1, "CIN199708020": 1, "CIN200708210": 1, "CLE194205210": 1, "CLE195609162": 1, "DET191309271": 1, "DET192006120": 1, "DET192108240": 1, "DET193204140": 1, "DET194204140": 1, "DET194809120": 1, "DET195007270": 1, "DET195506040": 1, "DET195609150": 1, "DET195609210": 1, "FLO199307230": 1, "HOU196209060": 1, "HOU201208100": 1, "HOU201708290": 1, "KCA197505060": 1, "LAN199907030": 1, "LAN201108130": 1, "MIA201405240": 1, "MIL199906250": 1, "MIL199909020": 1, "MIN200906160": 1, "MIN200907030": 1, "MLN195506220": 1, "MLN196305040": 1, "MON197804222": 1, "MON199005060": 1, "NY1190510140": 1, "NY1194205200": 1, "NY1195008050": 1, "NY1195309010": 1, "NYA192906230": 1, "NYA194604190": 1, "NYA194905270": 1, "NYA197104150": 1, "NYA201007180": 1, "NYN197208020": 1, "NYN201505250": 1, "OAK197108270": 1, "PHA192405130": 1, "PHA192808160": 1, "PHA193106170": 1, "PHI191207290": 1, "PHI191209021": 1, "PHI194608312": 1, "PHI200307310": 1, "PIT194806030": 1, "PIT194906140": 1, "PIT195607270": 1, "PIT195709212": 1, "PIT198105160": 1, "SDN199407030": 1, "SDN201105030": 1, "SDN201309040": 1, "SFN198204300": 1, "SFN201309240": 1, "SLA192507180": 1, "SLA193305060": 1, "SLA194009220": 1, "SLA194305210": 1, "SLA195307161": 1, "SLN192007160": 1, "SLN193110020": 1, "SLN194307280": 1, "SLN195309160": 1, "SLN195309221": 1, "SLN195706180": 1, "TBA200806210": 1, "TOR201009280": 1, "WS1191504270": 1, "WS1192807140": 1, "WS1194604280": 1, "WS1195505170": 1, "WS1195507311": 1, "ANA201807100": 2, "ATL197107170": 2, "ATL197409070": 2, "ATL197609171": 2, "BAL195506151": 2, "BOS192109130": 2, "BOS192306182": 2, "BOS192706250": 2, "BOS194709171": 2, "BOS196406102": 2, "BRO195406260": 2, "BSN191505312": 2, "BSN193407200": 2, "CHA191609160": 2, "CHA193804300": 2, "CHA195209130": 2, "CHA195305050": 2, "CHA198709160": 2, "CHN193504160": 2, "CHN194209202": 2, "CHN194405130": 2, "CHN194508240": 2, "CHN194806020": 2, "CHN195508031": 2, "CIN195105132": 2, "CLE192006210": 2, "CLE192908200": 2, "CLE193105262": 2, "CLE195008050": 2, "CLE195108120": 2, "CLE195306030": 2, "CLE195607012": 2, "CLE195609250": 2, "CLE197308170": 2, "CLE201405060": 2, "CLE201804130": 2, "DET192505090": 2, "DET194205290": 2, "DET194507270": 2, "DET198805150": 2, "LAN197008091": 2, "MIN197004250": 2, "MLN195406040": 2, "MLN195507102": 2, "NY1194207042": 2, "NY1194507312": 2, "NY1194608310": 2, "NY1195205161": 2, "NY1195705290": 2, "NYA192909210": 2, "NYA193005290": 2, "NYA194709231": 2, "OAK201809230": 2, "PHA191204110": 2, "PHA192606242": 2, "PHA192707270": 2, "PHA192805170": 2, "PHA193708012": 2, "PHA194208152": 2, "PHA194404220": 2, "PHA194609251": 2, "PHA195308040": 2, "PHI191205250": 2, "PHI193109051": 2, "PHI195608141": 2, "PHI197006140": 2, "PIT193005260": 2, "PIT195406272": 2, "PIT195604200": 2, "SDN201704200": 2, "SFN200908260": 2, "SLA191206050": 2, "SLA191505170": 2, "SLA192209230": 2, "SLA193108130": 2, "SLN193909042": 2, "SLN194208231": 2, "SLN194307220": 2, "SLN195306272": 2, "SLN195605272": 2, "SLN198207230": 2, "TBA200408060": 2, "WS1191909210": 2, "WS1194007071": 2, "WS1194305260": 2, "WS1194706291": 2, "WS1195008242": 2, "BAL195507262": 3, "BAL195605080": 3, "BLF191410090": 3, "BOS195505060": 3, "BOS195609050": 3, "BRO193207100": 3, "BRO193707252": 3, "BRO194307020": 3, "BRO194508080": 3, "BSN192707201": 3, "BSN195104192": 3, "CHA191206130": 3, "CHA191607292": 3, "CHA192006040": 3, "CHA193007311": 3, "CHA197804090": 3, "CHF191505301": 3, "CHN192208180": 3, "CHN192510030": 3, "CHN195308060": 3, "CHN195407020": 3, "CHN195606010": 3, "CIN191709092": 3, "CIN195108030": 3, "CLE193005261": 3, "CLE195608192": 3, "DET191409262": 3, "IND191407030": 3, "NEW191504270": 3, "NY1195207310": 3, "NY1195209081": 3, "NY1195408222": 3, "NY1195505030": 3, "PHA191805200": 3, "PHA192109280": 3, "PHA192407191": 3, "PHA193106080": 3, "PHI191905260": 3, "PHI192307212": 3, "PHI192406060": 3, "PHI193508181": 3, "PHI194409042": 3, "PHI194508250": 3, "PHI195007042": 3, "SLA194308160": 3, "SLA194708160": 3, "SLA195006150": 3, "SLF191509122": 3, "SLN194005121": 3, "WAS200807310": 3, "WS1191608171": 3, "WS1192807170": 3, "WS1193507300": 3, "WS1194105180": 3, "WS1194105220": 3, "WS1194409090": 3, "WS1195005271": 3, "WS1195506150": 3, "BOS192306220": 4, "BRF191507091": 4, "CHN195005020": 4, "MIL201205180": 4, "NYN199507060": 4, "PHA191309050": 4, "PHA192709061": 4, "PHI191308270": 4, "PHI193606170": 4, "PHI193809232": 4, "PHI195405120": 4, "PIT201405030": 4, "SLA193705070": 4, "SLN195308040": 4, "WS1191408190": 4, "WS1193906210": 4, "CHN194007130": 5, "DET191806080": 5, "PHI193209101": 5, "PIT195207120": 5, "SLN193404190": 5, "WS1194408260": 5, "WS1195105140": 5, "CHA191206020": 6, "CHN192205120": 6, "IND191406070": 6, "PHI193807080": 6, "WS1192005200": 9}, "home_lob": {"ATL199210030": 4, "ATL201609180": 9, "BOS196904160": 6, "CHA197306160": 7, "CHA201208260": 4, "CHN194507280": 10, "DET195606260": 5, "DET196106010": 10, "FLO200906300": 4, "KCA197108070": 3, "NYN197907290": 7, "PHI198906050": 11, "TEX197208120": 4}, "day_night": {"CIN194208092": "n", "CIN194406281": "n", "PIT194505302": "n", "WS1194505301": "n", "WS1194506051": "n", "WS1194506151": "n", "CLE194506301": "n", "WS1194507161": "n", "WS1194507181": "n", "WS1194507201": "n", "WS1194508011": "n", "CIN194508031": "n", "WS1194508031": "n", "PHI194508081": "n", "PHI194508101": "n", "WS1194508311": "n", "WS1194509051": "n", "WS1194509061": "n", "WS1194509101": "n", "CIN195006011": "n", "NYA195105272": "n", "CLE195207221": "n", "NYA195309230": "n", "CHA195508231": "n", "SLN195706191": "n", "WS1195806031": "n", "WS1195806101": "n", "CLE195906072": "n", "NYA195906212": "n", "BAL196006091": "n", "PHI196006211": "n", "SLN196007011": "n", "PHI196007081": "n", "PHI196008091": "n", "BAL196008261": "n", "NYA196008261": "n", "PHI196009201": "n", "NYA196105282": "n", "NYA196106051": "n", "SLN196106061": "n", "CIN196106201": "n", "PHI196106291": "n", "SLN196107171": "n", "SLN196107181": "n", "PHI196107191": "n", "PHI196107281": "n", "NYA196108062": "n", "PHI196108081": "n", "LAN196108161": "n", "PHI196108251": "n", "PHI196108291": "n", "LAA196205301": "n", "PIT196206051": "n", "PHI196206221": "n", "NYN196207191": "n", "PHI196207201": "n", "LAA196207241": "n", "NYA196207251": "n", "PHI196207271": "n", "LAN196208052": "n", "LAA196208171": "n", "PHI196208200": "n", "PHI196208211": "n", "PHI196208281": "n", "LAA196306051": "n", "BAL196306302": "n", "PHI196307011": "n", "BAL196307051": "n", "LAA196307171": "n", "BAL196307271": "n", "PHI196308061": "n", "PHI196308141": "n", "PHI196308201": "n", "BAL196308211": "n", "NYA196308211": "n", "BAL196308231": "n", "BAL196309061": "n", "PIT196309061": "n", "NYA196309201": "n", "WS2196405061": "n", "PHI196406091": "n", "NYA196406161": "n", "NYA196406301": "n", "NYA196407020": "n", "NYA196407160": "n", "NYA196407230": "n", "PHI196408051": "n", "PHI196408201": "n", "MLN196409151": "n", "CLE196409221": "n", "PHI196505241": "n", "BAL196505281": "n", "CLE196506140": "n", "NYN196506281": "n", "PHI196507051": "n", "PHI196507081": "n", "BAL196507101": "n", "MIN196509020": "n", "BAL196509101": "n", "MIN196605120": "n", "KC1196605140": "n", "BAL196605201": "n", "PHI196606011": "n", "CHA196606020": "n", "BAL196606041": "n", "NYN196606131": "n", "PHI196606131": "n", "BOS196606300": "n", "BAL196607011": "n", "PHI196607041": "n", "BAL196607061": "n", "SFN196609140": "n", "PHI196609281": "n", "PHI196705101": "n", "PHI196706061": "n", "PIT196706061": "n", "PHI196706151": "n", "PHI196706301": "n", "PHI196707041": "n", "PHI196707181": "n", "PHI196708151": "n", "PIT196708171": "n", "PHI196708251": "n", "PHI196709151": "n", "OAK196804200": "n", "OAK196805211": "n", "PHI196805291": "n", "OAK196806150": "n", "PHI196806181": "n", "OAK196806220": "n", "PHI196807171": "n", "PIT196807171": "n", "SLN196807220": "n", "PHI196807261": "n", "PHI196807291": "n", "LAN196808030": "n", "LAN196808042": "n", "BAL196808080": "n", "PHI196808131": "n", "OAK196808170": "n", "LAN196808281": "n", "PHI196809021": "n", "PHI196809131": "n", "PHI196809201": "n", "PIT196906171": "n", "MON196906251": "n", "PHI196907041": "n", "PHI196907091": "n", "MON196908051": "n", "PHI196908051": "n", "MON196908121": "n", "CHA196908160": "n", "CLE196909051": "n", "DET196909060": "n", "PIT196909101": "n", "PHI196909151": "n", "PHI196909160": "n", "BOS200310140": "n", "PHI202008052": "n", "NYN202204192": "n", "CLE202205072": "n", "NYN202205172": "n", "CLE202206072": "n", "KCA202208092": "n", "CLE202208152": "n", "NYA202209072": "n", "MIL202209082": "n", "SEA202210042": "n", "CHA202304182": "n", "CLE202304222": "n", "CHA202309122": "n", "DET202404302": "n", "CHA202405142": "n", "BAL202407292": "n"}, "home_start_pitcher_id": {"CHA202408270": "crocg001"}, "vis_err": {"CHA194005190": 3, "CHN195607200": 2, "ANA199904070": 1, "ANA200805160": 2, "ATL201307110": 1, "BAL195606130": 1, "BAL195804170": 2, "BAL198304190": 2, "BAL200804170": 2, "BAL201607240": 1, "BLF191407270": 4, "BLF191410072": 2, "BOS191404140": 3, "BOS192005240": 5, "BOS192207180": 2, "BOS192807092": 3, "BOS192908020": 3, "BOS193208220": 2, "BOS193408122": 3, "BOS193709041": 4, "BOS194309040": 1, "BOS194408181": 2, "BOS195008230": 3, "BOS195105210": 1, "BOS195205040": 3, "BOS197507170": 2, "BOS198607060": 2, "BOS200709270": 1, "BRF191506072": 3, "BRO191304210": 4, "BRO191808090": 2, "BRO192604300": 2, "BRO192605010": 3, "BRO192608300": 1, "BRO192805130": 7, "BRO193007200": 5, "BRO193008050": 3, "BRO193306042": 1, "BRO193804280": 1, "BRO194006140": 1, "BRO194009111": 2, "BRO194206211": 2, "BRO194209240": 2, "BRO194507041": 3, "BRO194906070": 1, "BRO195206180": 2, "BRO195408040": 3, "BSN192208030": 1, "BSN193407240": 2, "BSN194309161": 1, "BSN194508161": 1, "BSN194609132": 2, "BSN194905040": 1, "BSN195005230": 1, "BSN195208080": 2, "CHA191404180": 6, "CHA191407250": 2, "CHA192109090": 4, "CHA192408092": 2, "CHA192609110": 2, "CHA192708240": 1, "CHA192905280": 2, "CHA193105160": 3, "CHA193308202": 4, "CHA193408070": 3, "CHA193808131": 2, "CHA194006190": 1, "CHA194106050": 3, "CHA194107120": 2, "CHA194107202": 3, "CHA194607270": 2, "CHA195007280": 2, "CHA195007290": 1, "CHA195008010": 2, "CHA195108160": 1, "CHA195207252": 1, "CHA200510120": 3, "CHA201507040": 1, "CHN190710080": 3, "CHN192005130": 2, "CHN192509032": 3, "CHN193809280": 4, "CHN193904240": 4, "CHN193906300": 2, "CHN193909160": 6, "CHN194109160": 4, "CHN194407130": 1, "CHN194608202": 2, "CHN194608240": 2, "CHN194609210": 2, "CHN195008290": 2, "CHN195109022": 1, "CHN195606120": 3, "CHN195608220": 2, "CHN198807160": 2, "CHN198808240": 2, "CHN199305120": 3, "CIN191906080": 1, "CIN192506100": 1, "CIN192906162": 6, "CIN193509082": 1, "CIN193807010": 1, "CIN195005050": 2, "CIN195305312": 1, "CIN195508160": 3, "CIN197308240": 1, "CIN199308010": 1, "CIN200309100": 2, "CIN200709040": 1, "CIN201707160": 3, "CLE191508190": 3, "CLE191807020": 2, "CLE192006180": 2, "CLE192609120": 5, "CLE192809160": 1, "CLE193405290": 1, "CLE193806160": 1, "CLE193904240": 1, "CLE194207242": 1, "CLE194708222": 4, "CLE195410020": 3, "CLE195609300": 3, "COL201104010": 2, "COL201107160": 2, "DET191708180": 3, "DET192809210": 1, "DET193708130": 2, "DET193805260": 3, "DET194108122": 1, "DET194108211": 1, "DET194305220": 2, "DET198204160": 1, "DET201104100": 1, "DET201606240": 2, "FLO199405100": 1, "FLO199905210": 3, "HOU200806120": 2, "HOU201304070": 2, "KC1195609120": 1, "KC1196207152": 2, "LAA196106300": 3, "LAN199306040": 1, "LAN200709250": 1, "LAN200807120": 1, "MIL197206180": 1, "MIL201404130": 2, "MIL201806130": 1, "MIN196506040": 2, "MIN199009090": 3, "MIN199708040": 1, "MIN199908240": 1, "MIN200307310": 3, "MIN200708010": 1, "MLN195309080": 2, "MLN195509111": 2, "MLN196308030": 2, "MON199308050": 2, "NEW191506131": 1, "NLS194407110": 3, "NY1191806040": 1, "NY1192007052": 4, "NY1192207260": 4, "NY1192609111": 3, "NY1193007192": 3, "NY1193509010": 1, "NY1194208030": 4, "NY1195407290": 3, "NYA191506110": 1, "NYA191706231": 4, "NYA191807120": 2, "NYA192607200": 2, "NYA192805130": 1, "NYA193005270": 3, "NYA193209052": 2, "NYA193505190": 3, "NYA193608301": 1, "NYA193807121": 1, "NYA194405211": 4, "NYA194606120": 3, "NYA194705150": 2, "NYA194807220": 1, "NYA195104240": 1, "NYA195105240": 3, "NYA195107240": 1, "NYA195204210": 2, "NYA195208250": 2, "NYA195606070": 2, "NYA198804290": 1, "NYN198608290": 2, "NYN200304020": 2, "OAK197007290": 1, "OAK197609191": 2, "PHA191407021": 1, "PHA191605040": 1, "PHA191607111": 2, "PHA191909062": 3, "PHA192008201": 3, "PHA192106030": 2, "PHA192509250": 1, "PHA192605040": 4, "PHA193208292": 1, "PHA193809251": 1, "PHA194005080": 1, "PHI191206130": 2, "PHI191208311": 2, "PHI191505150": 5, "PHI191608142": 3, "PHI191706262": 3, "PHI191909241": 2, "PHI192004240": 3, "PHI192006150": 3, "PHI192508200": 2, "PHI192804300": 4, "PHI192905301": 2, "PHI193109052": 6, "PHI193605280": 2, "PHI194006302": 2, "PHI194206290": 2, "PHI194407151": 2, "PHI194409101": 1, "PHI194506221": 1, "PHI194508121": 3, "PHI194508210": 3, "PHI194907200": 1, "PHI195005240": 2, "PHI195308280": 1, "PHI195507010": 4, "PHI201110070": 1, "PIT193406021": 2, "PIT193909272": 5, "PIT194309010": 2, "PIT195505210": 1, "PIT195506121": 1, "PIT195606171": 1, "PIT195607310": 1, "PIT198604240": 1, "SDN198907290": 2, "SDN200304040": 1, "SDN200505310": 1, "SDN201404130": 1, "SEA200505180": 3, "SFN197009080": 1, "SFN197206112": 1, "SFN199304160": 1, "SFN201404110": 1, "SLA191405302": 2, "SLA191409262": 5, "SLA191507152": 3, "SLA191606211": 4, "SLA191608030": 4, "SLA191705082": 1, "SLA192207010": 3, "SLA193007140": 2, "SLA193605120": 2, "SLA193806140": 3, "SLA193809190": 3, "SLA194704271": 1, "SLN192905010": 4, "SLN192906161": 2, "SLN193110090": 1, "SLN193504260": 1, "SLN194007062": 1, "SLN194008270": 1, "SLN194109190": 1, "SLN195308090": 2, "SLN195309140": 2, "SLN195309210": 2, "SLN195408310": 1, "SLN195605271": 1, "SLN196807250": 2, "SLN197008150": 1, "SLN200709152": 2, "SLN201705120": 1, "TBA201304190": 1, "TEX197609120": 1, "WS1191207100": 3, "WS1191408242": 1, "WS1191509200": 3, "WS1191704200": 1, "WS1192008290": 2, "WS1192506130": 2, "WS1192510100": 3, "WS1193005222": 2, "WS1193304250": 1, "WS1193406030": 1, "WS1194008080": 1, "WS1195004290": 3, "WS1195207140": 5, "WS1195608270": 2, "WS2196707301": 3}, "vis_h": {"NY1190510140": 6}, "vis_lob": {"CHN198708272": 6, "CIN196005250": 3, "CLE200106210": 4, "KCA197204260": 5, "NYA195407070": 6, "PIT197406150": 12, "PIT202106100": 12, "TEX197609080": 8, "WS1191405080": 8, "WS2196804270": 3}, "park_id": {"ALS202407160": "ARL03", "BOS193109071": "BOS08", "BOS193109072": "BOS08"}}}