{"cols_in": {"gid": "object", "visteam": "object", "hometeam": "object", "site": "object", "date": "object", "number": "Int64", "starttime": "object", "daynight": "object", "innings": "Int64", "tiebreaker": "Int64", "usedh": "object", "htbf": "object", "timeofgame": "Int64", "attendance": "Int64", "fieldcond": "object", "precip": "object", "sky": "object", "temp": "Int64", "winddir": "object", "windspeed": "Int64", "oscorer": "object", "forfeit": "object", "suspend": "object", "umphome": "object", "ump1b": "object", "ump2b": "object", "ump3b": "object", "umplf": "object", "umprf": "object", "wp": "object", "lp": "object", "save": "object", "gametype": "object", "vruns": "Int64", "hruns": "Int64", "wteam": "object", "lteam": "object", "line": "object", "batteries": "object", "lineups": "object", "box": "object", "pbp": "object", "season": "Int64"}, "global_replacements": {"(unknown)": null, "hundreds": null, "700?": "700", "8.1250000000000003E-2": "8125", "6.9444444444444434E-2": "6944", "1000c.": "1000", "a few thousand": "2000", "5000c.": "5000", "6500?": "6500", "-1": null, "0.125": "125", "0.0625": "625", "0.075": "750", "<1000": "1000", "unknown": null, "FALSE": "f", "false": "f", "true": "t", "H": "h", "Y": "y", "exhibition": "ex", "allstar": "as", "divisionseries": "ds", "championship": "ch", "regular": "rs", "worldseries": "ws", "playoff": "po", "lcs": "lc", "wildcard": "wc", "hom": "HOM", "        ": null}, "new_col_names": {"gid": "id", "visteam": "vis_team", "hometeam": "home_team", "site": "park_id", "date": "game_date", "number": "game_num", "starttime": "start_time", "daynight": "day_night", "innings": "game_len_inn", "tiebreaker": "tiebreaker", "usedh": "use_dh", "htbf": "htbf", "timeofgame": "game_len_min", "attendance": "attendance", "fieldcond": "field_cond", "precip": "precip", "sky": "sky", "temp": "temperature", "winddir": "wind_dir", "windspeed": "wind_speed", "oscorer": "off_scorer_id", "forfeit": "forfeit_info", "suspend": "suspend", "umphome": "ump_hp", "ump1b": "ump_1b", "ump2b": "ump_2b", "ump3b": "ump_3b", "umplf": "ump_lf", "umprf": "ump_rf", "wp": "wp_id", "lp": "lp_id", "save": "save_id", "gametype": "season_type", "vruns": "vis_score", "hruns": "home_score", "line": "line", "batteries": "batteries", "lineups": "lineups", "box": "box", "pbp": "pbp"}, "cols_out": {"id": "object", "vis_team": "object", "home_team": "object", "park_id": "object", "game_date": "datetime64[ns]", "game_num": "Int64", "day_night": "object", "game_len_inn": "Int64", "tiebreaker": "Int64", "use_dh": "object", "htbf": "object", "game_len_min": "Int64", "attendance": "Int64", "field_cond": "object", "precip": "object", "sky": "object", "temperature": "Int64", "wind_dir": "object", "wind_speed": "Int64", "off_scorer_id": "object", "forfeit_info": "object", "suspend": "datetime64[ns]", "ump_hp": "object", "ump_1b": "object", "ump_2b": "object", "ump_3b": "object", "ump_lf": "object", "ump_rf": "object", "wp_id": "object", "lp_id": "object", "save_id": "object", "season_type": "object", "vis_score": "Int64", "home_score": "Int64", "line": "object", "batteries": "object", "lineups": "object", "box": "object", "pbp": "object"}, "known_err": {"park_id": {"BSN191304191": "BOS07", "BSN191304192": "BOS07", "BSN191305301": "BOS07", "NY1191104120": "NYC10", "NY1191104130": "NYC10", "NY1191106280": "NYC14", "NY1191106290": "NYC14", "NY1191106300": "NYC14", "NY1191107010": "NYC14", "NY1191107060": "NYC14", "NY1191107070": "NYC14", "NY1191107080": "NYC14", "NY1191107100": "NYC14", "NY1191107110": "NYC14", "NY1191107120": "NYC14", "NY1191107130": "NYC14", "NY1191107150": "NYC14", "NY1191107180": "NYC14", "NY1191107190": "NYC14", "NY1191107200": "NYC14", "NY1191107210": "NYC14", "NY1191107220": "NYC14", "NY1191108110": "NYC14", "NY1191108120": "NYC14", "NY1191108141": "NYC14", "NY1191108142": "NYC14", "NY1191108160": "NYC14", "NY1191108171": "NYC14", "NY1191108172": "NYC14", "NY1191108191": "NYC14", "NY1191108192": "NYC14", "NY1191108210": "NYC14", "NY1191108220": "NYC14", "NY1191108230": "NYC14", "NY1191108241": "NYC14", "NY1191108242": "NYC14", "NY1191108250": "NYC14", "NY1191108260": "NYC14", "NY1191108280": "NYC14", "NY1191108290": "NYC14", "NY1191109041": "NYC14", "NY1191109042": "NYC14", "NY1191109070": "NYC14", "NY1191109080": "NYC14", "NY1191109090": "NYC14", "NY1191110061": "NYC14", "NY1191110062": "NYC14", "NY1191110070": "NYC14", "NY1191110121": "NYC14", "NY1191110122": "NYC14", "NYA191205300": "NYC14", "SLN191104200": "STL05", "SLN191104210": "STL05", "SLN191104220": "STL05", "SLN191104230": "STL05", "SLN191104240": "STL05", "SLN191104250": "STL05", "SLN191104260": "STL05", "SLN191105270": "STL05", "SLN191105291": "STL05", "SLN191105292": "STL05", "SLN191105301": "STL05", "SLN191105302": "STL05", "SLN191105311": "STL05", "SLN191105312": "STL05", "SLN191106011": "STL05", "SLN191106012": "STL05", "SLN191106020": "STL05", "SLN191106030": "STL05", "SLN191106040": "STL05", "SLN191106050": "STL05", "SLN191106070": "STL05", "SLN191106080": "STL05", "SLN191106090": "STL05", "SLN191106100": "STL05", "SLN191106110": "STL05", "SLN191106120": "STL05", "SLN191106130": "STL05", "SLN191106150": "STL05", "SLN191106160": "STL05", "SLN191106170": "STL05", "SLN191106180": "STL05", "SLN191106271": "STL05", "SLN191106272": "STL05", "SLN191106280": "STL05", "SLN191106290": "STL05", "SLN191106300": "STL05", "SLN191107010": "STL05", "SLN191107020": "STL05", "SLN191107240": "STL05", "SLN191107250": "STL05", "SLN191107260": "STL05", "SLN191107270": "STL05", "SLN191107280": "STL05", "SLN191107290": "STL05", "SLN191107300": "STL05", "SLN191107310": "STL05", "SLN191108020": "STL05", "SLN191108050": "STL05", "SLN191108061": "STL05", "SLN191108062": "STL05", "SLN191108070": "STL05", "SLN191108080": "STL05", "SLN191108090": "STL05", "SLN191109070": "STL05", "SLN191109091": "STL05", "SLN191109092": "STL05", "SLN191109100": "STL05", "SLN191109141": "STL05", "SLN191109142": "STL05", "SLN191109151": "STL05", "SLN191109152": "STL05", "SLN191109171": "STL05", "SLN191109172": "STL05", "SLN191109181": "STL05", "SLN191109182": "STL05", "SLN191109190": "STL05", "SLN191109201": "STL05", "SLN191109202": "STL05", "SLN191109211": "STL05", "SLN191109212": "STL05", "SLN191109220": "STL05", "SLN191109230": "STL05", "SLN191109240": "STL05", "SLN191109270": "STL05", "SLN191109280": "STL05", "SLN191109300": "STL05", "SLN191110030": "STL05", "SLN191110040": "STL05", "SLN191110050": "STL05"}, "start_time": {"NYA197408240": "2:24pm", "SFN200408182": "4:03pm", "SLN196908040": "6:00pm", "DET198205070": "7:35pm", "PTC193209190": "12:01pm", "PTC193704290": "8:20pm", "KCM194705040": "1:25pm", "BOS198004210": "11:07am", "BSN192305301": "10:15am", "NYA195208260": "2:30pm"}, "day_night": {"PTC193209190": "d", "NYA195208260": "d"}, "vis_team": {"CHA197907122": "DET"}, "home_team": {"CHA197907122": "CHA"}}}