{"cols_in": {"id": "object", "game_date": "object", "game_num": "int64", "home_team": "object", "home_league": "object", "home_game_num": "Int64", "vis_team": "object", "vis_league": "object", "vis_game_num": "Int64", "use_dh": "object", "park_id": "object", "attendance": "Int64", "season_type": "object", "game_len_outs": "Int64", "game_len_inn": "Int64", "game_len_min": "Int64", "day_night": "object", "field_cond": "object", "precip": "object", "sky": "object", "temperature": "Int64", "wind_dir": "object", "wind_speed": "Int64", "htbf": "object", "line": "object", "suspend": "object", "completion_info": "object", "protest_info": "object", "forfeit_info": "object", "additional_info": "object", "acquisition_info": "object", "tiebreaker": "object", "off_scorer_id": "object", "ps_scorer": "object", "translator": "object", "inputter": "object", "input_time": "object", "how_scored": "object", "pitches_entered": "object", "batteries": "object", "lineups": "object", "box": "object", "pbp": "object"}}