{"cols_in": {"game_id": "object", "vis_team": "object", "inning": "Int64", "batting_team": "Int64", "outs": "Int64", "balls": "Int64", "strikes": "Int64", "pitch_seq": "object", "vis_score": "Int64", "home_score": "Int64", "batter_id": "object", "batter_hand": "object", "result_batter_id": "object", "result_batter_hand": "object", "pitcher_id": "object", "pitcher_hand": "object", "result_pitcher_id": "object", "result_pitcher_hand": "object", "def_c": "object", "def_1b": "object", "def_2b": "object", "def_3b": "object", "def_ss": "object", "def_lf": "object", "def_cf": "object", "def_rf": "object", "run_1b": "object", "run_2b": "object", "run_3b": "object", "event_scoring": "object", "leadoff": "object", "pinch_hit": "object", "batt_def_pos": "object", "batt_lineup_pos": "object", "event_type": "Int64", "batter_event": "object", "ab": "object", "hit_val": "Int64", "sac_hit": "object", "sac_fly": "object", "event_outs": "Int64", "dp": "object", "tp": "object", "rbi": "Int64", "wild_pitch": "object", "passed_ball": "object", "fielded_by": "object", "batted_ball_type": "object", "bunt": "object", "foul_ground": "object", "hit_location": "object", "num_err": "Int64", "err_player_1": "object", "err_type_1": "object", "err_player_2": "object", "err_type_2": "object", "err_player_3": "object", "err_type_3": "object", "batt_dest": "object", "run_1b_dest": "Int64", "run_2b_dest": "Int64", "run_3b_dest": "Int64", "play_on_run_batt": "object", "play_on_run_1b": "object", "play_on_run_2b": "object", "play_on_run_3b": "object", "sb_run_1b": "object", "sb_run_2b": "object", "sb_run_3b": "object", "cs_run_1b": "object", "cs_run_2b": "object", "cs_run_3b": "object", "pickoff_run_1b": "object", "pickoff_run_2b": "object", "pickoff_run_3b": "object", "run_1b_resp_pitcher": "object", "run_2b_resp_pitcher": "object", "run_3b_resp_pitcher": "object", "start_game": "object", "end_game": "object", "pinch_run_1b": "object", "pinch_run_2b": "object", "pinch_run_3b": "object", "pinch_run_1b_player_removed": "object", "pinch_run_2b_player_removed": "object", "pinch_run_3b_player_removed": "object", "pinch_hit_batter_removed_id": "object", "pinch_hit_batter_removed_field_pos": "object", "putout1_field_pos": "object", "putout2_field_pos": "object", "putout3_field_pos": "object", "assist1_field_pos": "object", "assist2_field_pos": "object", "assist3_field_pos": "object", "assist4_field_pos": "object", "assist5_field_pos": "object", "event_id": "Int64"}, "event_type_dict": {"0": "unknown event", "1": "no event", "2": "generic out", "3": "strikeout", "4": "stolen base", "5": "defensive indifference", "6": "caught stealing", "7": "pickoff error", "8": "pickoff", "9": "wild pitch", "10": "passed ball", "11": "balk", "12": "other advance", "13": "foul error", "14": "walk", "15": "intentional walk", "16": "hit by pitch", "17": "interference", "18": "error", "19": "fielders choice", "20": "single", "21": "double", "22": "triple", "23": "home run", "24": "missing play"}, "cols_out": ["game_id", "event_id", "batting_team", "inning", "outs", "balls", "strikes", "pitch_seq", "vis_score", "home_score", "batter_id", "batter_hand", "result_batter_id", "result_batter_hand", "pitcher_id", "pitcher_hand", "result_pitcher_id", "result_pitcher_hand", "def_c", "def_1b", "def_2b", "def_3b", "def_ss", "def_lf", "def_cf", "def_rf", "run_1b", "run_2b", "run_3b", "event_scoring", "pinch_hit", "batt_def_pos", "batt_lineup_pos", "event_type", "batter_event", "ab", "hit_val", "sac_hit", "sac_fly", "event_outs", "dp", "tp", "rbi", "wild_pitch", "passed_ball", "fielded_by", "batted_ball_type", "bunt", "foul_ground", "hit_location", "num_err", "err_player_1", "err_type_1", "err_player_2", "err_type_2", "err_player_3", "err_type_3", "batt_dest", "run_1b_dest", "run_2b_dest", "run_3b_dest", "play_on_run_batt", "play_on_run_1b", "play_on_run_2b", "play_on_run_3b", "sb_run_1b", "sb_run_2b", "sb_run_3b", "cs_run_1b", "cs_run_2b", "cs_run_3b", "pickoff_run_1b", "pickoff_run_2b", "pickoff_run_3b", "run_1b_resp_pitcher", "run_2b_resp_pitcher", "run_3b_resp_pitcher", "inning_progress", "game_progress", "pinch_run_1b", "pinch_run_2b", "pinch_run_3b", "pinch_run_1b_player_removed", "pinch_run_2b_player_removed", "pinch_run_3b_player_removed", "pinch_hit_batter_removed_id", "pinch_hit_batter_removed_field_pos", "putout1_field_pos", "putout2_field_pos", "putout3_field_pos", "assist1_field_pos", "assist2_field_pos", "assist3_field_pos", "assist4_field_pos", "assist5_field_pos"]}