{"cols_in_merged": {"id": "object", "home_team": "object", "vis_team": "object", "vis_manager_id": "object", "home_manager_id": "object", "home_start_bat1_id": "object", "home_start_bat1_pos": "object", "home_start_bat2_id": "object", "home_start_bat2_pos": "object", "home_start_bat3_id": "object", "home_start_bat3_pos": "object", "home_start_bat4_id": "object", "home_start_bat4_pos": "object", "home_start_bat5_id": "object", "home_start_bat5_pos": "object", "home_start_bat6_id": "object", "home_start_bat6_pos": "object", "home_start_bat7_id": "object", "home_start_bat7_pos": "object", "home_start_bat8_id": "object", "home_start_bat8_pos": "object", "home_start_bat9_id": "object", "home_start_bat9_pos": "object", "home_start_pitcher_id": "object", "vis_start_bat1_id": "object", "vis_start_bat1_pos": "object", "vis_start_bat2_id": "object", "vis_start_bat2_pos": "object", "vis_start_bat3_id": "object", "vis_start_bat3_pos": "object", "vis_start_bat4_id": "object", "vis_start_bat4_pos": "object", "vis_start_bat5_id": "object", "vis_start_bat5_pos": "object", "vis_start_bat6_id": "object", "vis_start_bat6_pos": "object", "vis_start_bat7_id": "object", "vis_start_bat7_pos": "object", "vis_start_bat8_id": "object", "vis_start_bat8_pos": "object", "vis_start_bat9_id": "object", "vis_start_bat9_pos": "object", "vis_start_pitcher_id": "object", "ump_1b": "object", "ump_2b": "object", "ump_3b": "object", "ump_hp": "object", "ump_lf": "object", "ump_rf": "object"}, "cols_in_events": {"game_id": "object", "event_id": "object", "batting_team": "object", "batter_id": "object", "inning": "object", "result_batter_id": "object", "pitcher_id": "object", "result_pitcher_id": "object", "def_c": "object", "def_1b": "object", "def_2b": "object", "def_3b": "object", "def_ss": "object", "def_lf": "object", "def_cf": "object", "def_rf": "object", "run_1b": "object", "run_2b": "object", "run_3b": "object", "pinch_hit": "object", "batt_def_pos": "object", "batt_lineup_pos": "object", "inning_progress": "object", "game_progress": "object", "pinch_run_1b": "object", "pinch_run_2b": "object", "pinch_run_3b": "object"}}