{"cols_in": {"game_id": "object", "event_id": "Int64", "outs": "object", "balls": "object", "strikes": "object", "pitch_seq": "object", "result_pitcher_id": "object", "event_type": "object", "batter_event": "object", "ab": "object", "hit_val": "Int64", "sac_hit": "object", "sac_fly": "object", "event_outs": "Int64", "dp": "object", "tp": "object", "rbi": "Int64", "batt_dest": "object", "run_1b_dest": "object", "run_2b_dest": "object", "run_3b_dest": "object", "sb_run_1b": "object", "sb_run_2b": "object", "sb_run_3b": "object", "cs_run_1b": "object", "cs_run_2b": "object", "cs_run_3b": "object", "pickoff_run_1b": "object", "pickoff_run_2b": "object", "pickoff_run_3b": "object"}, "event_type_subs": {"0": "unk_ev", "1": "no_ev", "2": "generic_out", "3": "k", "4": "sb", "5": "di", "6": "cs", "7": "pickoff_err", "8": "pickoff", "9": "wp", "10": "pb", "11": "balk", "12": "misc_adv", "13": "foul_err", "14": "bb", "15": "ibb", "16": "hbp", "17": "interference", "18": "err", "19": "fc", "20": "1b", "21": "2b", "22": "3b", "23": "4b", "24": "missing_play"}, "col_dtypes": {"game_id": "object", "event_id": "Int64", "outs": "Int64", "balls": "Int64", "strikes": "Int64", "pitch_seq": "object", "result_pitcher_id": "object", "event_type": "object", "pa": "Int64", "ab": "Int64", "hit_val": "Int64", "sac_hit": "Int64", "sac_fly": "Int64", "event_outs": "Int64", "dp": "Int64", "tp": "Int64", "rbi": "Int64", "batt_dest": "object", "run_1b_dest": "object", "run_2b_dest": "object", "run_3b_dest": "object", "sb_run_1b": "object", "sb_run_2b": "object", "sb_run_3b": "object", "cs_run_1b": "object", "cs_run_2b": "object", "cs_run_3b": "object", "pickoff_run_1b": "object", "pickoff_run_2b": "object", "pickoff_run_3b": "object", "1b": "Int64", "2b": "Int64", "3b": "Int64", "4b": "Int64", "balk": "Int64", "bb": "Int64", "cs": "Int64", "err": "Int64", "fc": "Int64", "foul_err": "Int64", "generic_out": "Int64", "hbp": "Int64", "ibb": "Int64", "k": "Int64", "misc_adv": "Int64", "pb": "Int64", "pickoff": "Int64", "sb": "Int64", "wp": "Int64"}, "run_cols": ["sb_run_1b", "sb_run_2b", "sb_run_3b", "cs_run_1b", "cs_run_2b", "cs_run_3b", "pickoff_run_1b", "pickoff_run_2b", "pickoff_run_3b"], "count_stat_cols": ["outs_played", "pitch_count", "r", "er", "pa", "ab", "1b", "2b", "3b", "4b", "bb", "ibb", "k", "hbp", "pb", "wp", "balk", "sac_hit", "sac_fly", "sb", "cs", "pickoff", "dp", "tp"], "cols_in_glt": {"id": "object", "wp_id": "object", "lp_id": "object", "save_id": "object", "gwrbi_id": "object", "home_team": "object", "home_score": "object", "home_finisher_id": "object", "vis_team": "object", "vis_score": "object", "vis_finisher_id": "object"}, "cols_in_app": {"id": "object", "game_id": "object", "field_pos": "object", "start": "object"}, "cols_out_glp": ["id", "game_id", "win", "loss", "g", "gs", "gf", "cg", "sho", "save", "outs_played", "pa", "ab", "1b", "2b", "3b", "4b", "bb", "ibb", "k", "hbp", "pb", "wp", "balk", "sac_hit", "sac_fly", "sb", "cs", "pickoff", "dp", "tp", "r", "er", "pitch_count"]}