{"cols_in": {"game_id": "object", "event_id": "Int64", "result_pitcher_id": "object", "def_c": "object", "def_1b": "object", "def_2b": "object", "def_3b": "object", "def_ss": "object", "def_lf": "object", "def_cf": "object", "def_rf": "object", "event_scoring": "object", "event_type": "object", "batter_event": "object", "event_outs": "Int64", "ab": "object", "dp": "object", "tp": "object", "rbi": "Int64", "wild_pitch": "object", "passed_ball": "object", "fielded_by": "object", "batted_ball_type": "object", "bunt": "object", "foul_ground": "object", "hit_location": "object", "num_err": "Int64", "err_player_1": "object", "err_type_1": "object", "err_player_2": "object", "err_type_2": "object", "err_player_3": "object", "err_type_3": "object", "play_on_run_batt": "object", "play_on_run_1b": "object", "play_on_run_2b": "object", "play_on_run_3b": "object", "putout1_field_pos": "object", "putout2_field_pos": "object", "putout3_field_pos": "object", "assist1_field_pos": "object", "assist2_field_pos": "object", "assist3_field_pos": "object", "assist4_field_pos": "object", "assist5_field_pos": "object"}, "event_type_subs": {"0": "unk_ev", "1": "no_ev", "2": "generic_out", "3": "k", "4": "sb", "5": "di", "6": "cs", "7": "pickoff_err", "8": "pickoff", "9": "wp", "10": "pb", "11": "balk", "12": "misc_adv", "13": "foul_err", "14": "bb", "15": "ibb", "16": "hbp", "17": "interference", "18": "err", "19": "fc", "20": "1b", "21": "2b", "22": "3b", "23": "4b", "24": "missing_play"}, "field_cols": ["game_id", "event_id", "result_pitcher_id", "def_c", "def_1b", "def_2b", "def_3b", "def_ss", "def_lf", "def_cf", "def_rf", "event_outs", "passed_ball", "fielded_by", "num_err", "err_player_1", "err_type_1", "err_player_2", "err_type_2", "err_player_3", "err_type_3", "putout1_field_pos", "putout2_field_pos", "putout3_field_pos", "assist1_field_pos", "assist2_field_pos", "assist3_field_pos", "assist4_field_pos", "assist5_field_pos", "err", "foul_err", "interference", "int_field_pos", "pb_field_pos"], "cols_out": {"game_id": "object", "field_pos": "object", "id": "object", "outs_played": "int64", "err": "float64", "assist": "float64", "putout": "float64", "int": "float64", "pb": "float64"}}